<?xml version="1.0" encoding="UTF-8"?>
<window id="1119">
	<defaultcontrol always="true">50</defaultcontrol>
	<include>OpenClose</include>
	<controls>
		<include condition="Skin.HasSetting(Sub_MainMenuBG)">SubBackgroundLists</include>
		<include>DefaultBackground</include>
		<include content="BackgroundOverlay">
			<param name="parentid" value="50"/>
		</include>
		<control type="group">
			<include>ContentFade</include>
			<control type="list" id="50">
				<viewtype label="535">List</viewtype>
				<posx>680</posx>
				<posy>480</posy>
				<width>1210</width>
				<height>576</height>
				<pagecontrol>60</pagecontrol>
				<onleft>9000</onleft>
				<onright>60</onright>
				<onup>50</onup>
				<ondown>50</ondown>
				<preloaditems>4</preloaditems>
				<itemlayout height="72" width="1210">
					<control type="image">
						<height>73</height>
						<width>1210</width>
						<texture flipy="true" border="3">list/ListNF.png</texture>
					</control>
					<control type="label">
						<posx>25</posx>
						<width>570</width>
						<height>72</height>
						<scroll>false</scroll>
						<label>$VAR[MediaListLabel]</label>
					</control>
					<control type="label">
						<animation effect="slide" start="0,0" end="50,0" time="0" delay="0" reversible="true" condition="![Container.Content(TvShows) | Container.Content(Seasons) | Container.Content(Episodes) | Container.Content(Movies) | Container.Content(MusicVideos)]">conditional</animation>
						<right>70</right>
						<width>1210</width>
						<height>72</height>
						<scroll>false</scroll>
						<font>ListDetails</font>
						<textcolor>Grey</textcolor>
						<align>right</align>
						<label>$VAR[MediaListLabel2]</label>
					</control>
					<include>ListWatchedOverlay</include>
				</itemlayout>
				<focusedlayout height="72" width="1210">
					<control type="image">
						<posy>1</posy>
						<width>1210</width>
						<height>69</height>
						<texture border="4" colordiffuse="$VAR[HighlightColor]">img/WhiteRoundedST2.png</texture>
					</control>
					<control type="label">
						<posx>25</posx>
						<width>1210</width>
						<height>72</height>
						<scroll>false</scroll>
						<textcolor>$VAR[FocusedTextColor]</textcolor>
						<shadowcolor></shadowcolor>
						<label>$VAR[MediaListLabel]</label>
					</control>
					<control type="label">
						<animation effect="slide" start="0,0" end="50,0" time="0" delay="0" reversible="true" condition="![Container.Content(TvShows) | Container.Content(Seasons) | Container.Content(Episodes) | Container.Content(Movies) | Container.Content(MusicVideos)]">conditional</animation>
						<right>70</right>
						<width>1210</width>
						<height>72</height>
						<scroll>false</scroll>
						<font>ListDetails</font>
						<align>right</align>
						<label>$VAR[MediaListLabel2]</label>
					</control>
					<include content ="ListWatchedOverlay">
						<param name="isFocused">true</param>
					</include>
				</focusedlayout>
				<content>
					<item id="3" description="Video apps">
						<label>$LOCALIZE[1037]</label>
						<onclick>ActivateWindow(videos,addons://sources/video/,return)</onclick>
						<thumb>$VAR[Videos.Art]</thumb>
					</item>
					<item id="4" description="Music apps">
						<label>$LOCALIZE[1038]</label>
						<onclick>ActivateWindow(Music,Addons,return)</onclick>
						<thumb>$VAR[Music.Art]</thumb>
					</item>
					<item id="2" description="Program apps">
						<label>$LOCALIZE[1043]</label>
						<onclick condition="!System.Platform.Android">ActivateWindow(programs,addons://sources/executable/,return)</onclick>
						<onclick condition="System.Platform.Android">ActivateWindow(programs,androidapp://sources/apps/,return)</onclick>
						<thumb>$VAR[Addons.Art]</thumb>
					</item>
					<item id="5" description="Picture apps">
						<label>$LOCALIZE[1039]</label>
						<onclick>ActivateWindow(pictures,addons://sources/image/,return)</onclick>
						<thumb>$VAR[Pictures.Art]</thumb>
					</item>
					<item id="6" description="Game apps">
						<label>$LOCALIZE[35049]</label>
						<onclick>ActivateWindow(games,addons://sources/game/,return)</onclick>
						<thumb>$VAR[Games.Art]</thumb>
					</item>
					<item id="2" description="Addon browser">
						<label>$LOCALIZE[10040]</label>
						<thumb>$VAR[Addons.Art]</thumb>
						<onclick>ActivateWindow(AddonBrowser,root)</onclick>
					</item>
				</content>
			</control>
			<include content="ShadowedImage">
				<param name="top">476</param>
				<param name="left">26</param>
				<param name="width">615</param>
				<param name="height">555</param>
				<param name="texture">$INFO[Container(50).ListItem.Thumb]</param>
				<param name="aspect">scale</param>
			</include>
		</control>
		<include>Time</include>
	</controls>
</window>