<?xml version="1.0" encoding="UTF-8"?>
<window>
	<defaultcontrol always="true">50</defaultcontrol>
	<include>OpenClose</include>
	<controls>
		<include>DimBG</include>
		<control type="group">
			<left>172</left>
			<top>180</top>
			<control type="image">
				<left>6</left>
				<top>-20</top>
				<width>1580</width>
				<height>780</height>
				<texture flipx="true">dialogs/SettingsBG.png</texture>
				<colordiffuse>$VAR[DialogBGColor]</colordiffuse>
			</control>
			<control type="label" id="2" description="Header">
				<left>-14</left>
				<top>5</top>
				<width>1600</width>
				<height>30</height>
				<align>center</align>
				<aligny>center</aligny>
				<font>ListDetails</font>
				<textcolor>$VAR[HighlightColor]</textcolor>
			</control>
			<control type="group">
				<left>50</left>
				<top>60</top>
				<include content="ShadowedImage">
					<param name="top">0</param>
					<param name="left">0</param>
					<param name="width">500</param>
					<param name="height">500</param>
					<param name="shadowoffset">8</param>
					<param name="texture">$VAR[VideoVersionsPosterVar]</param>
				</include>
			</control>
			<control type="list" id="50">
				<left>576</left>
				<top>60</top>
				<width>710</width>
				<height>600</height>
				<orientation>vertical</orientation>
				<onleft>60</onleft>
				<onright>90</onright>
				<pagecontrol>60</pagecontrol>
				<scrolltime>0</scrolltime>
				<itemlayout width="710" height="60">
					<control type="image">
						<width>710</width>
						<height>60</height>
						<texture border="3">list/ListNF.png</texture>
					</control>
					<control type="label">
						<left>20</left>
						<width>690</width>
						<height>60</height>
						<label>$INFO[ListItem.label]</label>
						<scroll>true</scroll>
						<selectedcolor>$VAR[HighlightColor]</selectedcolor>
					</control>
				</itemlayout>
				<focusedlayout width="710" height="60">
					<control type="image">
						<width>710</width>
						<height>60</height>
						<texture border="3">list/ListNF.png</texture>
					</control>
					<control type="image">
						<visible>Control.HasFocus(50)</visible>
						<include>VisibleFadeEffect</include>
						<width>710</width>
						<height>60</height>
						<texture border="4" colordiffuse="$VAR[HighlightColor]">img/WhiteRoundedST2.png</texture>
					</control>
					<control type="label">
						<left>20</left>
						<width>690</width>
						<height>60</height>
						<textcolor>$VAR[FocusedTextColor]</textcolor>
						<selectedcolor>SelectedFocused</selectedcolor>
						<shadowcolor>HeavyShadow</shadowcolor>
						<label>$INFO[ListItem.label]</label>
						<scroll>true</scroll>
					</control>
				</focusedlayout>
			</control>
			<control type="scrollbar" id="60">
				<left>13</left>
				<top>60</top>
				<width>36</width>
				<height>600</height>
				<texturesliderbackground></texturesliderbackground>
				<texturesliderbar></texturesliderbar>
				<texturesliderbarfocus></texturesliderbarfocus>
				<textureslidernib border="18">OSD/ScrollbarNibNF.png</textureslidernib>
				<textureslidernibfocus border="18" colordiffuse="$VAR[HighlightColor]">OSD/ScrollbarNibFO.png</textureslidernibfocus>
				<showonepage>false</showonepage>
				<orientation>vertical</orientation>
				<onright>3</onright>
			</control>
			<control type="grouplist" id="90">
				<top>60</top>
				<left>1290</left>
				<onleft>50</onleft>
				<onright>50</onright>
				<control type="button" id="21">
					<description>Play button</description>
					<width>254</width>
					<height>60</height>
					<label>$LOCALIZE[208]</label>
					<align>right</align>
					<texturenofocus border="3">buttons/ButtonNF.png</texturenofocus>
				</control>
				<control type="button" id="22">
					<description>Add version button</description>
					<width>254</width>
					<height>60</height>
					<label>$LOCALIZE[40014]</label>
					<align>right</align>
					<texturenofocus border="3">buttons/ButtonNF.png</texturenofocus>
					<visible>Window.IsVisible(managevideoversions)</visible>
				</control>
				<control type="button" id="23">
					<description>Add extras button</description>
					<width>254</width>
					<height>60</height>
					<label>$LOCALIZE[40015]</label>
					<align>right</align>
					<texturenofocus border="3">buttons/ButtonNF.png</texturenofocus>
					<visible>Window.IsVisible(managevideoextras)</visible>
				</control>
				<control type="button" id="27">
					<description>Choose art button</description>
					<width>254</width>
					<height>60</height>
					<label>$LOCALIZE[13511]</label>
					<align>right</align>
					<texturenofocus border="3">buttons/ButtonNF.png</texturenofocus>
				</control>
				<control type="button" id="24">
					<description>Rename button</description>
					<width>254</width>
					<height>60</height>
					<label>$LOCALIZE[118]</label>
					<align>right</align>
					<texturenofocus border="3">buttons/ButtonNF.png</texturenofocus>
				</control>
				<control type="button" id="26">
					<description>Remove button</description>
					<width>254</width>
					<height>60</height>
					<label>$LOCALIZE[15015]</label>
					<align>right</align>
					<texturenofocus border="3">buttons/ButtonNF.png</texturenofocus>
				</control>
				<control type="button" id="25">
					<description>Set default button</description>
					<width>254</width>
					<height>60</height>
					<label>$LOCALIZE[40023]</label>
					<align>right</align>
					<texturenofocus border="3">buttons/ButtonNF.png</texturenofocus>
					<visible>Window.IsVisible(managevideoversions)</visible>
				</control>
			</control>
		</control>
	</controls>
</window>