<?xml version="1.0" encoding="utf-8"?>
<window>
	<defaultcontrol always="true">1103</defaultcontrol>
	<include>OSDFade</include>

	<controls>
		<control type="group" id="1">
			<visible>!Window.IsActive(1120) + !Window.IsActive(GameVideoFilter) + !Window.IsActive(GameStretchMode) + !Window.IsActive(GameControllers) + !Window.IsActive(GameVideoRotation)</visible>
			<control type="group" id="10">
				<visible>System.GetBool(gamesgeneral.showosdhelp)</visible>
				<defaultcontrol always="true">1103</defaultcontrol>
				<centerleft>50%</centerleft>
				<height>1040</height>
				<centertop>50%</centertop>
				<width>700</width>
				<animation effect="fade" time="200">VisibleChange</animation>

				<control type="image" description="BG">
					<width>700</width>
					<height>1040</height>
					<texture border="0,40,0,40">dialogs/ContextMenu.png</texture>
					<colordiffuse>$VAR[DialogBGColor]</colordiffuse>
				</control>

				<control type="group">
					<width>700</width>
					<height>1040</height>
					<control type="label" id="2">
						<left>40</left>
						<top>0</top>
						<right>100</right>
						<height>70</height>
						<font>ListDetails</font>
						<label>$LOCALIZE[35221]</label>
						<textcolor>$VAR[HighlightColor]</textcolor>
						<align>center</align>
					</control>
				</control>

				<control type="group" id="1000">
					<top>80</top>
					<control type="group" id="1100">
						<control type="textbox" id="1101">
							<description>Help text</description>
							<top>30</top>
							<left>30</left>
							<right>30</right>
							<height>130</height>
						</control>
						<control type="gamecontroller" id="1102">
							<top>160</top>
							<left>30</left>
							<width>640</width>
							<height>640</height>
						</control>
						<control type="textbox">
							<description>Additional help text. This will be removed in future versions.</description>
							<bottom>30</bottom>
							<left>30</left>
							<right>30</right>
							<height>130</height>
							<label>$LOCALIZE[35236]</label>
						</control>
					</control>
				</control>
			</control>

			<control type="group" id="20">
				<visible>!System.GetBool(gamesgeneral.showosdhelp)</visible>
			    <include>DialogOpenClose</include>
			    <posx>630</posx>
			    <posy>360</posy>
			    <control type="image">
    				<posx>-17</posx>
	    			<width>736</width>
		    		<height>430</height>
					<texture border="0,40,0,40">dialogs/ContextMenu.png</texture>
					<colordiffuse>$VAR[DialogBGColor]</colordiffuse>
			    </control>
			    <control type="label" description="Heading">
    				<posy>24</posy>
				    <width>700</width>
				    <height>40</height>
				    <align>center</align>
				    <textcolor>$VAR[HighlightColor]</textcolor>
				    <label>$LOCALIZE[35221]</label>
			    </control>
				<control type="group" id="2000">
					<top>80</top>
					<control type="list" id="1103">
						<height>400</height>
						<orientation>vertical</orientation>
						<itemlayout condition="!Control.IsVisible(2200)" width="700" height="80">
							<control type="image">
								<left>8</left>
								<top>8</top>
								<width>64</width>
								<height>64</height>
								<info>ListItem.Icon</info>
							</control>
							<control type="label">
								<left>81</left>
								<width>600</width>
								<height>80</height>
								<info>ListItem.Label</info>
								<align>left</align>
								<aligny>center</aligny>
								<shadowcolor></shadowcolor>
							</control>
							<control type="label">
								<right>20</right>
								<width>600</width>
								<height>80</height>
								<info>ListItem.Label2</info>
								<align>right</align>
								<aligny>center</aligny>
								<shadowcolor></shadowcolor>
							</control>
						</itemlayout>
						<itemlayout condition="Control.IsVisible(2200)" width="688" height="80">
							<control type="image">
								<left>8</left>
								<top>8</top>
								<width>64</width>
								<height>64</height>
								<info>ListItem.Icon</info>
							</control>
							<control type="label">
								<left>80</left>
								<width>600</width>
								<height>80</height>
								<info>ListItem.Label</info>
								<align>left</align>
								<aligny>center</aligny>
								<shadowcolor></shadowcolor>
							</control>
							<control type="label">
								<right>20</right>
								<width>600</width>
								<height>80</height>
								<info>ListItem.Label2</info>
								<align>right</align>
								<aligny>center</aligny>
								<shadowcolor></shadowcolor>
							</control>
						</itemlayout>
						<focusedlayout condition="!Control.IsVisible(2200)" width="700" height="80">
							<control type="image">
							    <left>6</left>
								<width>691</width>
							    <texture colordiffuse="$VAR[HighlightColor]">img/WhiteRoundedST2.png</texture>
								<visible>Control.HasFocus(1103)</visible>
							</control>
							<control type="image">
								<left>8</left>
								<top>8</top>
								<width>64</width>
								<height>64</height>
								<info>ListItem.Icon</info>
							</control>
							<control type="label">
								<left>80</left>
								<width>600</width>
								<height>80</height>
								<info>ListItem.Label</info>
								<align>left</align>
								<aligny>center</aligny>
								<textcolor>$VAR[FocusedTextColor]</textcolor>
								<shadowcolor></shadowcolor>
							</control>
							<control type="label">
								<right>20</right>
								<width>600</width>
								<height>80</height>
								<info>ListItem.Label2</info>
								<align>right</align>
								<aligny>center</aligny>
								<textcolor>$VAR[FocusedTextColor]</textcolor>
								<shadowcolor></shadowcolor>
							</control>
						</focusedlayout>
						<focusedlayout condition="Control.IsVisible(2200)" width="688" height="80">
							<control type="image">
							    <left>6</left>
								<width>691</width>
								<texture colordiffuse="$VAR[HighlightColor]">img/WhiteRoundedST2.png</texture>
								<visible>Control.HasFocus(1103)</visible>
							</control>
							<control type="image">
								<left>8</left>
								<top>8</top>
								<width>64</width>
								<height>64</height>
								<info>ListItem.Icon</info>
							</control>
							<control type="label">
								<left>80</left>
								<width>600</width>
								<height>80</height>
								<info>ListItem.Label</info>
								<align>left</align>
								<aligny>center</aligny>
								<textcolor>$VAR[FocusedTextColor]</textcolor>
								<shadowcolor></shadowcolor>
							</control>
							<control type="label">
								<right>20</right>
								<width>600</width>
								<height>80</height>
								<info>ListItem.Label2</info>
								<align>right</align>
								<aligny>center</aligny>
								<textcolor>$VAR[FocusedTextColor]</textcolor>
								<shadowcolor></shadowcolor>
							</control>
						</focusedlayout>
						<content>
							<item id="2101">
								<description>Pause / Resume button</description>
								<label>$LOCALIZE[35224]</label>
								<label2>Select + X</label2>
								<icon>osd/osdplaynf.png</icon>
								<onclick>Play</onclick>
							</item>
							<item id="2102">
								<description>Reset button</description>
								<label>$LOCALIZE[13007]</label>
								<icon>osd/osdrepeatnf.png</icon>
								<onclick>PlayerControl(Reset)</onclick>
							</item>
							<item id="2103">
								<description>Stop button</description>
								<label>$LOCALIZE[35222]</label>
								<label2>Select + Start</label2>
								<icon>osd/osdstopnf.png</icon>
								<onclick>Stop</onclick>
							</item>
							<item id="2108">
								<description>Settings button</description>
								<label>$LOCALIZE[5]</label>
								<icon>osd/osdoptionsnf.png</icon>
								<onclick>ActivateWindow(1120)</onclick>
							</item>
						</content>
						<pagecontrol>2200</pagecontrol>
					</control>
					<control type="scrollbar" id="2200">
						<top>-10</top>
						<right>0</right>
						<width>12</width>
						<orientation>vertical</orientation>
					</control>
				</control>
			</control>
		</control>
	</controls>
</window>
