<?xml version="1.0" encoding="UTF-8"?>
<includes>

	<include name="ContextTopTouch">
	    <posy>69</posy>
	</include>

	<include name="ContextTopStandard">
	    <posy>29</posy>
	</include>

	<include name="PopoutTopTouch">
	    <posy>176</posy>
	</include>

	<include name="PopoutTopStandard">
	    <posy>116</posy>
	</include>

	<!-- <include name="ButtonsTopIcons">
	    <top>930</top>
	</include> -->

	<!-- <include name="ButtonsTopOther">
	    <top>980</top>
	</include> -->

	<include name="PanelHeightTouch">
	    <height>620</height>
	</include>

	<include name="PanelHeightStandard">
	    <height>700</height>
	</include>

	<include name="BigPanelHeightTouch">
	    <height>920</height>
	</include>

	<include name="BigPanelHeightStandard">
	    <height>990</height>
	</include>

	<include name="TallListHeightTouch">
	    <height>869</height>
	</include>

	<include name="TallListHeightStandard">
	    <height>949</height>
	</include>

	<include name="BigListHeightTouch">
	    <height>940</height>
	</include>

	<include name="BigListHeightStandard">
	    <height>1040</height>
	</include>

	<include name="ListHeightTouch">
	    <height>568</height>
	</include>

	<include name="ListHeightStandard">
	    <height>648</height>
	</include>

	<include name="EPGHeightTouch">
	    <height>603</height>
		<bottom>105</bottom>
	</include>

	<include name="EPGHeightStandard">
	    <height>703</height>
		<bottom>25</bottom>
	</include>

	<include name="PVRTimersHeightTouch">
	    <height>860</height>
	</include>

	<include name="PVRTimersHeightStandard">
	    <height>960</height>
	</include>

	<include name="DialogCloseButtonCommons">
	    <param name="Action">Action(Back)</param>
		<param name="id">909090</param>
		<param name="ondown">996</param>
		<definition>
		    <control type="image">
			    <posx>12</posx>
			    <posy>14</posy>
			    <width>52</width>
			    <height>52</height>
			    <texture border="2">common/box.png</texture>
			    <colordiffuse>$VAR[HighlightColor]</colordiffuse>
		    </control>
		    <control type="button" id="$PARAM[id]">
			    <description>Close Button</description>
			    <posx>-1</posx>
			    <posy>0</posy>
			    <width>80</width>
			    <height>80</height>
			    <font></font>
			    <onclick>$PARAM[Action]</onclick>
				<onclick>ClearProperty(MediaMenu,Home)</onclick>
				<ondown>$PARAM[ondown]</ondown>
			    <texturefocus colordiffuse="$VAR[FocusedTextColor]">touch/icon_dialog_close.png</texturefocus>
			    <texturenofocus>touch/icon_dialog_close.png</texturenofocus>
		    </control>
		</definition>
	</include>

	<include name="TouchButtons">
	    <param name="ButtonsTop">980</param>
		<param name="id">51</param>
		<param name="left">1500</param>
		<param name="visibility">true</param>
		<definition>
            <control type="grouplist" id="7900">
			    <visible>$PARAM[visibility]</visible>
                <visible>Skin.HasSetting(Enable.TouchSupport)</visible>
				<orientation>horizontal</orientation>
                <itemgap>15</itemgap>
                <top>$PARAM[ButtonsTop]</top>
			    <left>$PARAM[left]</left>
                <width>400</width>
                <height>85</height>
                <onup>SetFocus($PARAM[id])</onup>
			    <ondown>SetFocus($PARAM[id])</ondown>
			    <onleft>SetFocus($PARAM[id])</onleft>
			    <onright>SetFocus($PARAM[id])</onright>
			    <onback>SetFocus($PARAM[id])</onback>
                <align>justify</align>
                <usecontrolcoords>true</usecontrolcoords>
                <control type="button" id="10000">
                    <description>Home</description>
                    <width>85</width>
                    <height>85</height>
                    <texturefocus colordiffuse="$VAR[HighlightColor]">icons/home.png</texturefocus>
                    <texturenofocus colordiffuse="$VAR[LabelTextColor]">icons/home.png</texturenofocus>
                    <onclick>ActivateWindow(home)</onclick>
				    <visible>!Window.IsActive(Home)</visible>
                </control>
                <control type="button" id="10001">
                    <description>Go Back</description>
                    <width>85</width>
                    <height>85</height>
                    <texturefocus colordiffuse="$VAR[HighlightColor]">icons/back.png</texturefocus>
                    <texturenofocus colordiffuse="$VAR[LabelTextColor]">icons/back.png</texturenofocus>
                    <onclick>Action(back)</onclick>
                </control>
                <control type="button" id="10002">
                    <description>Open Side Menu</description>
                    <width>85</width>
                    <height>85</height>
                    <texturefocus colordiffuse="$VAR[HighlightColor]">icons/settings.png</texturefocus>
                    <texturenofocus colordiffuse="$VAR[LabelTextColor]">icons/settings.png</texturenofocus>
                    <onclick condition="!Skin.HasSetting(KioskMode.Enabled)">SetFocus(9000)</onclick>
                    <onclick condition="Skin.HasSetting(KioskMode.Enabled)">noop</onclick>
				    <visible>!Window.IsActive(Home)</visible>
                </control>
            </control>
		</definition>
    </include>


</includes>