<?xml version="1.0" encoding="UTF-8"?>
<window>

	<include>ViewIDs</include>

	<onload>ClearProperty(MediaMenu,Home)</onload>
	<onload>ClearProperty(gallery)</onload>
	<onunload>ClearProperty(gallery)</onunload>
	<menucontrol>9000</menucontrol>
	<controls>
        <control type="fadelabel" id="4410">
			<top>-100</top>
			<width>2560</width>
			<height>0</height>
			<scrollspeed>20</scrollspeed>
			<scrollout>false</scrollout>
			<randomize>true</randomize>
			<visible>Skin.HasSetting(EnableExtraFanart)</visible>
			<include>FadeLabelTime</include>
			<label>$INFO[ListItem.Art(fanart)]</label>
			<label>$INFO[ListItem.Art(fanart1)]</label>
			<label>$INFO[ListItem.Art(fanart2)]</label>
			<label>$INFO[ListItem.Art(fanart3)]</label>
			<label>$INFO[ListItem.Art(fanart4)]</label>
			<label>$INFO[ListItem.Art(fanart5)]</label>
			<label>$INFO[ListItem.Art(fanart6)]</label>
			<label>$INFO[ListItem.Art(fanart7)]</label>
			<label>$INFO[ListItem.Art(fanart8)]</label>
			<label>$INFO[ListItem.Art(fanart9)]</label>
			<label>$INFO[ListItem.Art(fanart10)]</label>
			<label>$INFO[ListItem.Art(fanart11)]</label>
			<label>$INFO[ListItem.Art(fanart12)]</label>
			<label>$INFO[ListItem.Art(fanart13)]</label>
			<label>$INFO[ListItem.Art(fanart14)]</label>
			<label>$INFO[ListItem.Art(fanart15)]</label>
			<label>$INFO[ListItem.Art(fanart16)]</label>
			<label>$INFO[ListItem.Art(fanart17)]</label>
			<label>$INFO[ListItem.Art(fanart18)]</label>
			<label>$INFO[ListItem.Art(fanart19)]</label>
			<label>$INFO[ListItem.Art(fanart20)]</label>
			<label>$INFO[ListItem.Art(artist.fanart1)]</label>
			<label>$INFO[ListItem.Art(artist.fanart2)]</label>
			<label>$INFO[ListItem.Art(artist.fanart3)]</label>
			<label>$INFO[ListItem.Art(artist.fanart4)]</label>
			<label>$INFO[ListItem.Art(artist.fanart5)]</label>
			<label>$INFO[ListItem.Art(artist.fanart6)]</label>
			<label>$INFO[ListItem.Art(artist.fanart7)]</label>
			<label>$INFO[ListItem.Art(artist.fanart8)]</label>
			<label>$INFO[ListItem.Art(artist.fanart9)]</label>
			<label>$INFO[ListItem.Art(artist.fanart10)]</label>
			<label>$INFO[ListItem.Art(artist.fanart11)]</label>
			<label>$INFO[ListItem.Art(artist.fanart12)]</label>
			<label>$INFO[ListItem.Art(artist.fanart13)]</label>
			<label>$INFO[ListItem.Art(artist.fanart14)]</label>
			<label>$INFO[ListItem.Art(artist.fanart15)]</label>
			<label>$INFO[ListItem.Art(artist.fanart16)]</label>
			<label>$INFO[ListItem.Art(artist.fanart17)]</label>
			<label>$INFO[ListItem.Art(artist.fanart18)]</label>
			<label>$INFO[ListItem.Art(artist.fanart19)]</label>
			<label>$INFO[ListItem.Art(artist.fanart20)]</label>
			<label>$INFO[ListItem.Art(albumartist.fanart1)]</label>
			<label>$INFO[ListItem.Art(albumartist.fanart2)]</label>
			<label>$INFO[ListItem.Art(albumartist.fanart3)]</label>
			<label>$INFO[ListItem.Art(albumartist.fanart4)]</label>
			<label>$INFO[ListItem.Art(albumartist.fanart5)]</label>
			<label>$INFO[ListItem.Art(albumartist.fanart6)]</label>
			<label>$INFO[ListItem.Art(albumartist.fanart7)]</label>
			<label>$INFO[ListItem.Art(albumartist.fanart8)]</label>
			<label>$INFO[ListItem.Art(albumartist.fanart9)]</label>
			<label>$INFO[ListItem.Art(albumartist.fanart10)]</label>
			<label>$INFO[ListItem.Art(albumartist.fanart11)]</label>
			<label>$INFO[ListItem.Art(albumartist.fanart12)]</label>
			<label>$INFO[ListItem.Art(albumartist.fanart13)]</label>
			<label>$INFO[ListItem.Art(albumartist.fanart14)]</label>
			<label>$INFO[ListItem.Art(albumartist.fanart15)]</label>
			<label>$INFO[ListItem.Art(albumartist.fanart16)]</label>
			<label>$INFO[ListItem.Art(albumartist.fanart17)]</label>
			<label>$INFO[ListItem.Art(albumartist.fanart18)]</label>
			<label>$INFO[ListItem.Art(albumartist.fanart19)]</label>
			<label>$INFO[ListItem.Art(albumartist.fanart20)]</label>
		</control>
		<control type="fadelabel" id="4411">
			<top>-100</top>
			<width>2560</width>
			<height>0</height>
			<scrollspeed>20</scrollspeed>
			<scrollout>false</scrollout>
			<randomize>true</randomize>
			<visible>Skin.HasSetting(EnableExtraFanart)</visible>
			<include>FadeLabelTime</include>
			<label>$INFO[Container.ListItem.Art(fanart)]</label>
			<label>$INFO[Container.ListItem.Art(fanart1)]</label>
			<label>$INFO[Container.ListItem.Art(fanart2)]</label>
			<label>$INFO[Container.ListItem.Art(fanart3)]</label>
			<label>$INFO[Container.ListItem.Art(fanart4)]</label>
			<label>$INFO[Container.ListItem.Art(fanart5)]</label>
			<label>$INFO[Container.ListItem.Art(fanart6)]</label>
			<label>$INFO[Container.ListItem.Art(fanart7)]</label>
			<label>$INFO[Container.ListItem.Art(fanart8)]</label>
			<label>$INFO[Container.ListItem.Art(fanart9)]</label>
			<label>$INFO[Container.ListItem.Art(fanart10)]</label>
			<label>$INFO[Container.ListItem.Art(fanart11)]</label>
			<label>$INFO[Container.ListItem.Art(fanart12)]</label>
			<label>$INFO[Container.ListItem.Art(fanart13)]</label>
			<label>$INFO[Container.ListItem.Art(fanart14)]</label>
			<label>$INFO[Container.ListItem.Art(fanart15)]</label>
			<label>$INFO[Container.ListItem.Art(fanart16)]</label>
			<label>$INFO[Container.ListItem.Art(fanart17)]</label>
			<label>$INFO[Container.ListItem.Art(fanart18)]</label>
			<label>$INFO[Container.ListItem.Art(fanart19)]</label>
			<label>$INFO[Container.ListItem.Art(fanart20)]</label>
			<label>$INFO[Container.ListItem.Art(artist.fanart1)]</label>
			<label>$INFO[Container.ListItem.Art(artist.fanart2)]</label>
			<label>$INFO[Container.ListItem.Art(artist.fanart3)]</label>
			<label>$INFO[Container.ListItem.Art(artist.fanart4)]</label>
			<label>$INFO[Container.ListItem.Art(artist.fanart5)]</label>
			<label>$INFO[Container.ListItem.Art(artist.fanart6)]</label>
			<label>$INFO[Container.ListItem.Art(artist.fanart7)]</label>
			<label>$INFO[Container.ListItem.Art(artist.fanart8)]</label>
			<label>$INFO[Container.ListItem.Art(artist.fanart9)]</label>
			<label>$INFO[Container.ListItem.Art(artist.fanart10)]</label>
			<label>$INFO[Container.ListItem.Art(artist.fanart11)]</label>
			<label>$INFO[Container.ListItem.Art(artist.fanart12)]</label>
			<label>$INFO[Container.ListItem.Art(artist.fanart13)]</label>
			<label>$INFO[Container.ListItem.Art(artist.fanart14)]</label>
			<label>$INFO[Container.ListItem.Art(artist.fanart15)]</label>
			<label>$INFO[Container.ListItem.Art(artist.fanart16)]</label>
			<label>$INFO[Container.ListItem.Art(artist.fanart17)]</label>
			<label>$INFO[Container.ListItem.Art(artist.fanart18)]</label>
			<label>$INFO[Container.ListItem.Art(artist.fanart19)]</label>
			<label>$INFO[Container.ListItem.Art(artist.fanart20)]</label>
			<label>$INFO[Container.ListItem.Art(albumartist.fanart1)]</label>
			<label>$INFO[Container.ListItem.Art(albumartist.fanart2)]</label>
			<label>$INFO[Container.ListItem.Art(albumartist.fanart3)]</label>
			<label>$INFO[Container.ListItem.Art(albumartist.fanart4)]</label>
			<label>$INFO[Container.ListItem.Art(albumartist.fanart5)]</label>
			<label>$INFO[Container.ListItem.Art(albumartist.fanart6)]</label>
			<label>$INFO[Container.ListItem.Art(albumartist.fanart7)]</label>
			<label>$INFO[Container.ListItem.Art(albumartist.fanart8)]</label>
			<label>$INFO[Container.ListItem.Art(albumartist.fanart9)]</label>
			<label>$INFO[Container.ListItem.Art(albumartist.fanart10)]</label>
			<label>$INFO[Container.ListItem.Art(albumartist.fanart11)]</label>
			<label>$INFO[Container.ListItem.Art(albumartist.fanart12)]</label>
			<label>$INFO[Container.ListItem.Art(albumartist.fanart13)]</label>
			<label>$INFO[Container.ListItem.Art(albumartist.fanart14)]</label>
			<label>$INFO[Container.ListItem.Art(albumartist.fanart15)]</label>
			<label>$INFO[Container.ListItem.Art(albumartist.fanart16)]</label>
			<label>$INFO[Container.ListItem.Art(albumartist.fanart17)]</label>
			<label>$INFO[Container.ListItem.Art(albumartist.fanart18)]</label>
			<label>$INFO[Container.ListItem.Art(albumartist.fanart19)]</label>
			<label>$INFO[Container.ListItem.Art(albumartist.fanart20)]</label>
		</control>

		<include condition="Skin.HasSetting(Sub_MainMenuBG)">SubBackgroundLists</include>
		<include>DefaultBackground</include>
		<include content="View_50_List" condition="!Skin.HasSetting(ListCenterFocus)">
		    <param name="ListType">list</param>
		</include>
		<include content="View_50_List" condition="Skin.HasSetting(ListCenterFocus)">
		    <param name="ListType">fixedlist</param>
		</include>
		<include>View_51_Panel</include>
		<include>View_511_Panel2</include>
		<include content="View_52_BigList" condition="!Skin.HasSetting(ListCenterFocus)">
		    <param name="ListType">list</param>
		</include>
		<include content="View_52_BigList" condition="Skin.HasSetting(ListCenterFocus)">
		    <param name="ListType">fixedlist</param>
		</include>
		<include>View_53_Icons</include>
		<include content="View_54_LowList" condition="!Skin.HasSetting(ListCenterFocus)">
		    <param name="ListType">list</param>
		</include>
		<include content="View_54_LowList" condition="Skin.HasSetting(ListCenterFocus)">
		    <param name="ListType">fixedlist</param>
		</include>
		<include>View_55_BigPanel</include>
		<include>View_551_BigPanel2</include>
		<include content="View_56_Fanart">
		    <param name="focusposition">2</param>
			<param name="listposy">647</param>
		</include>
        <include content="View_501_TallList" condition="!Skin.HasSetting(ListCenterFocus)">
		    <param name="ListType">list</param>
		</include>
		<include content="View_501_TallList" condition="Skin.HasSetting(ListCenterFocus)">
		    <param name="ListType">fixedlist</param>
		</include>
		<include>View_57_SimpleList</include>
		<include>View_600_Triple</include>
		<include>View_58_Logo</include>

		<control type="group" description="Showcase trigger">
			<animation effect="slide" easing="out" start="0,0" end="0,-90" time="350" delay="0" center="120,350" reversible="true" condition="!String.IsEmpty(Window.Property(gallery))">Conditional</animation>
			<include>VignetteFade</include>
			<include>Time</include>
		</control>
		<control type="group" id="8999" description="Side menu 9000 group">
			<include>9000Commons</include>
			<include>9000NavCommons</include>
			<control type="group">
			    <posx>-60</posx>
			    <posy>-13</posy>
			    <include condition="Skin.HasSetting(Enable.TouchSupport)" content="DialogCloseButtonCommons">
			        <param name="Action">SetFocus(50)</param>
				    <param name="ondown">9000</param>
			    </include>
			    <animation effect="fade" time="200" start="100" end="20" reversible="true" condition="!ControlGroup(9000).HasFocus + !Control.HasFocus(909090)">Conditional</animation>
		    </control>
			<control type="grouplist" id="9000">
				<include>9000GrouplistParameters</include>
				<usecontrolcoords>true</usecontrolcoords>
				<control type="label" id="9180" description="Spacer">
					<height>36</height>
					<textcolor>$VAR[HighlightColor]</textcolor>
					<align>left</align>
					<textoffsetx>10</textoffsetx>
					<include>9000ViewButtons</include>
					<label></label>
				</control>
				<control type="label" id="9181">
					<textcolor>$VAR[HighlightColor]</textcolor>
					<align>left</align>
					<textoffsetx>10</textoffsetx>
					<include>9000ViewButtons</include>
					<label>$LOCALIZE[31026]</label>
				</control>
				<control type="togglebutton" id="619">
					<include>9000SysButtons</include>
					<label>$LOCALIZE[653]</label>
					<onclick>UpdateLibrary(music)</onclick>
					<visible>!Container.Content(addons)</visible>
					<altlabel>$LOCALIZE[13353]</altlabel>
					<usealttexture>library.isscanningmusic</usealttexture>
				</control>
				<control type="radiobutton" id="16">
					<label>$LOCALIZE[589]</label>
					<include>9000SysButtons</include>
				</control>
				<control type="button" id="612">
					<include>9000SysButtons</include>
					<label>$LOCALIZE[559]</label>
					<onclick>ActivateWindow(musicplaylist)</onclick>
					<visible>Integer.IsGreater(Playlist.Length(music),0)</visible>
				</control>
				<control type="button" id="621">
					<include>9000SysButtons</include>
					<label>$LOCALIZE[21452]</label>
					<onclick>ActivateWindow(addonbrowser,addons://more/audio/,return)</onclick>
					<visible>Container.Content(addons)</visible>
				</control>
				<control type="button" id="624">
					<include>9000SysButtons</include>
					<label>$LOCALIZE[10140]</label>
					<onclick>Addon.OpenSettings($INFO[Container.PluginName])</onclick>
					<visible>!String.IsEmpty(Container.PluginName)</visible>
				</control>
				<control type="label" id="9182">
					<top>30</top>
					<textcolor>$VAR[HighlightColor]</textcolor>
					<align>left</align>
					<textoffsetx>10</textoffsetx>
					<include>9000ViewButtons</include>
					<label>$LOCALIZE[32300]</label>
					<visible>Player.HasAudio</visible>
				</control>
				<include content="SidebladeNowPlaying">
				</include>
<!--				<control type="button" id="699" description="Playing">
					<enable>Player.HasMedia</enable>
					<include>9000SysButtons</include>
					<label>$LOCALIZE[16003]</label>
					<onclick>fullscreen</onclick>
				</control> -->
			</control>
		</control>
		<include condition="Skin.HasSetting(Show.EHJumpToLetter)">ScriptJumpToLetter</include>
	</controls>
</window>