<?xml version="1.0" encoding="UTF-8"?>
<window>
	<backgroundcolor>0</backgroundcolor>
	<defaultcontrol always="true">3</defaultcontrol>
	<controls>
		<include condition="Skin.HasSetting(Sub_MainMenuBG)">SubBackgroundLists</include>
		<include>DefaultBackground</include>
		<include>Time</include>
		<control type="group" description="Content">
			<animation effect="fade" time="250" condition="!Window.Previous(Settings.xml)">WindowOpen</animation>
			<animation effect="fade" time="250" condition="!Window.Next(Settings.xml)">WindowClose</animation>
			<control type="image">
				<left>10</left>
				<top>60</top>
				<width>432</width>
				<height>980</height>
				<texture border="45">dialogs/TinyDialog.png</texture>
				<colordiffuse>$VAR[DialogBGColor]</colordiffuse>
			</control>
			<control type="image">
				<left>442</left>
				<top>60</top>
				<width>1439</width>
				<height>980</height>
				<texture border="45">dialogs/TinyDialog.png</texture>
				<colordiffuse>$VAR[DialogBGColor]</colordiffuse>
			</control>
			<control type="label">
				<posx>87</posx>
				<posy>120</posy>
				<width>321</width>
				<height>61</height>
				<font>MainMenuVertical</font>
				<align>center</align>
				<label>$LOCALIZE[31022]</label>
			</control>
			<control type="label" id="2" description="Category label">
				<posx>471</posx>
				<posy>117</posy>
				<width>1377</width>
				<height>72</height>
				<align>center</align>
				<font>InfoTitle</font>
				<textcolor>$VAR[HighlightColor]</textcolor>
			</control>
			<control type="grouplist" id="3" description="Left - Button Area">
				<posx>31</posx>
				<posy>210</posy>
				<width>399</width>
				<height>780</height>
				<onleft>5</onleft>
				<onright>5</onright>
				<onup>3</onup>
				<ondown>20</ondown>
				<orientation>vertical</orientation>
			</control>
			<control type="button" id="10" description="Category Button">
				<textoffsetx>7</textoffsetx>
				<texturenofocus border="3">buttons/ButtonNF.png</texturenofocus>
			</control>
			<control type="grouplist" id="5" description="Right - Control Area">
				<posx>471</posx>
				<posy>210</posy>
				<width>1377</width>
				<height>650</height>
				<onleft>3</onleft>
				<onright>60</onright>
				<onup>5</onup>
				<ondown>5</ondown>
				<pagecontrol>60</pagecontrol>
				<orientation>vertical</orientation>
			</control>
			<control type="textbox" id="6" description="Settings description">
				<posx>471</posx>
				<posy>890</posy>
				<width>1377</width>
				<height>130</height>
				<align>justify</align>
				<textcolor>$VAR[HighlightColor]</textcolor>
				<autoscroll time="3000" delay="4000" repeat="5000">true</autoscroll>
			</control>
			<control type="button" id="7" description="Button">
				<width>1437</width>
				<textoffsetx>42</textoffsetx>
				<texturenofocus border="3">buttons/ButtonNF.png</texturenofocus>
			</control>
			<control type="colorbutton" id="15">
				<textcolor>$VAR[LabelTextColor]</textcolor>
				<focusedcolor>$VAR[FocusedTextColor]</focusedcolor>
				<disabledcolor>Disabled</disabledcolor>
				<align>left</align>
				<aligny>center</aligny>
				<pulseonselect>false</pulseonselect>
				<width>1437</width>
				<height>60</height>
				<colorwidth>120</colorwidth>
				<colorheight>40</colorheight>
				<texturecolormask>colors/white.png</texturecolormask>
				<texturecolordisabledmask colordiffuse="40FFFFFF">colors/white.png</texturecolordisabledmask>
				<font>font16</font>
				<textoffsetx>42</textoffsetx>
				<texturefocus border="4" colordiffuse="$VAR[HighlightColor]">img/WhiteRoundedST2.png</texturefocus>
			</control>
			<control type="radiobutton" id="8" description="Radio Button">
				<width>1437</width>
				<textoffsetx>42</textoffsetx>
			</control>
			<control type="spincontrolex" id="9" description="Spin control">
				<width>1437</width>
				<textoffsetx>42</textoffsetx>
			</control>
			<control type="image" id="11">
				<description>Default seperator</description>
				<height>2</height>
				<texture>img/LineST.png</texture>
			</control>
			<control type="sliderex" id="13" description="Slider control">
				<width>1437</width>
				<textoffsetx>42</textoffsetx>
			</control>
			<control type="label" id="14">
				<align>center</align>
				<textcolor>$VAR[HighlightColor]</textcolor>
				<font>Details</font>
			</control>
			<control type="label" description="Settings level label">
				<posx>31</posx>
				<posy>900</posy>
				<width>399</width>
				<height>60</height>
				<textoffsetx>10</textoffsetx>
				<label>$LOCALIZE[31049]</label>
			</control>
			<control type="button" id="20" description="Settings level button">
				<posx>31</posx>
				<posy>960</posy>
				<width>390</width>
				<height>60</height>
				<onleft>5</onleft>
				<onright>5</onright>
				<onup>3</onup>
				<ondown>3</ondown>
				<textoffsetx>10</textoffsetx>
				<onclick>SettingsLevelChange</onclick>
			</control>
			<control type="scrollbar" id="60">
				<posx>81r</posx>
				<posy>234</posy>
				<width>36</width>
				<height>720</height>
				<texturesliderbackground></texturesliderbackground>
				<texturesliderbar></texturesliderbar>
				<texturesliderbarfocus></texturesliderbarfocus>
				<textureslidernib border="18">OSD/ScrollbarNibNF.png</textureslidernib>
				<textureslidernibfocus border="18" colordiffuse="$VAR[HighlightColor]">OSD/ScrollbarNibFO.png</textureslidernibfocus>
				<showonepage>false</showonepage>
				<orientation>vertical</orientation>
				<onleft>5</onleft>
				<onright>noop</onright>
			</control>
		</control>
	</controls>
</window>
