<?xml version="1.0" encoding="UTF-8" standalone="yes"?>
<addon id="repository.nevnet" name="Nevnet Repository" version="0.4" provider-name="nevrion">
    <extension point="xbmc.addon.repository" name="Nevnet Repository">
        <dir>
			<info compressed="false">https://raw.githubusercontent.com/nevrion/repository.nevnet/main/repo/zips/addons.xml</info>
            <checksum>https://raw.githubusercontent.com/nevrion/repository.nevnet/main/repo/zips/addons.xml.md5</checksum>
            <datadir zip="true">https://raw.githubusercontent.com/nevrion/repository.nevnet/main/repo/zips/</datadir>
        </dir>
    </extension>
    <extension point="xbmc.addon.metadata">
        <summary>Nevnet Repository</summary>
        <description>Nevnet empfohlene Addons</description>
        <disclaimer>Platzhalter</disclaimer>
        <platform>all</platform>
        <assets>
            <icon>icon.png</icon>
            <fanart>fanart.jpg</fanart>
        </assets>
    </extension>
</addon>



