<?xml version="1.0" encoding="UTF-8" standalone="yes"?>
<!-- Addon Konfigurationsdatei für das Nevnet Repository -->
<addon id="repository.nevnet" name="Nevnet Repository" version="0.5.3" provider-name="nevrion">
    <!-- Erforderliche Addons und Versionen -->
    <requires>
        <import addon="xbmc.addon" version="21.0.0"/>
    </requires>
    
    <!-- Repository-Informationen -->
    <extension point="xbmc.addon.repository" name="Nevnet Repository">
        <dir>
            <!-- URL zur Liste der Addons -->
            <info compressed="false">https://raw.githubusercontent.com/nevrion/repository.nevnet/main/repo/zips/addons.xml</info>
            <!-- Prüfsummen-URL -->
            <checksum>https://raw.githubusercontent.com/nevrion/repository.nevnet/main/repo/zips/addons.xml.md5</checksum>
            <!-- Datenverzeichnis-URL -->
            <datadir zip="true">https://raw.githubusercontent.com/nevrion/repository.nevnet/main/repo/zips/</datadir>
        </dir>
    </extension>
    
    <!-- Addon-Metadaten -->
    <extension point="xbmc.addon.metadata">
        <!-- Zusammenfassung des Repositorys -->
        <summary>Nevnet Repository</summary>
        <!-- Beschreibung des Repositorys -->
        <description>Nevnet empfohlene Addons</description>
        <!-- Haftungsausschluss -->
        <disclaimer>Platzhalter</disclaimer>
        <!-- Plattform -->
        <platform>all</platform>
        <!-- Bilder -->
        <assets>
            <icon>icon.png</icon>
            <fanart>fanart.jpg</fanart>
        </assets>
    </extension>
</addon>
